Scenario,Hops,PQ_Time_ms,Trad_Time_ms,Overhead_%,PQ_Success_%,Trad_Success_%
Inter-Satellite Link (ISL),1,23.177471155653087,23.15847115565309,0.0820434124182691,100.0,100.0
Satellite-Ground Link,1,21.946841567193037,21.927841567193028,0.08664783509032435,90.0,90.0
Multi-hop Hybrid Link,3,49.24891669619511,49.19191669619512,0.11587269581710925,100.0,100.0
Global End-to-End,3,48.99558031288037,48.93858031288036,0.11647252461266676,90.0,90.0
